rho,k,n_views,seed,system,accuracy,mean_confidence,mean_uncertainty,eniv,mean_dependence,alpha,dependence_clone_pairs,dependence_distinct_pairs
0.0,0,4,0,naive,0.7566666666666667,0.6677920214335124,0.33220796585083007,3.625809005363694,0.031235439156700906,1.0,nan,0.03123543927239047
0.0,0,4,0,prismflow,0.7733333333333333,0.6494967142740885,0.3505032730102539,3.6349913733105375,0.0315203095721277,0.9087478433276344,nan,0.03152030926818649
0.0,0,4,0,naive_weights_discounted,0.7566666666666667,0.6252326393127441,0.3747673416137695,3.625809005363694,0.031235439156700906,0.9064522513409236,nan,0.03123543927239047
0.0,0,4,1,naive,0.7766666666666666,0.6983309745788574,0.3016690254211426,3.3543898103340304,0.06970085381843937,1.0,nan,0.06970085443721878
0.0,0,4,1,prismflow,0.7733333333333333,0.6450483449300131,0.35495164871215823,3.340217881529848,0.07309362303006,0.835054470382462,nan,0.0730936235934496
0.0,0,4,1,naive_weights_discounted,0.7733333333333333,0.6220253626505534,0.37797463734944664,3.3543898103340304,0.06970085381843937,0.8385974525835076,nan,0.06970085443721878
0.0,0,4,2,naive,0.6266666666666667,0.5534116172790527,0.44658838272094725,3.782898773962397,0.012458026808902787,1.0,nan,0.012458026701222277
0.0,0,4,2,prismflow,0.6433333333333333,0.5542957369486491,0.445704288482666,3.732512371916812,0.022066540551527337,0.933128092979203,nan,0.02206654023379087
0.0,0,4,2,naive_weights_discounted,0.6266666666666667,0.5313629150390625,0.46863709767659506,3.782898773962397,0.012458026808902787,0.9457246934905993,nan,0.012458026701222277
0.0,0,4,3,naive,0.82,0.689450740814209,0.3105492655436198,3.155814582810038,0.08625935829800971,1.0,nan,0.08625935989121596
0.0,0,4,3,prismflow,0.8233333333333334,0.6255090459187825,0.3744909413655599,3.252138222997274,0.07671548030891977,0.8130345557493185,nan,0.07671548141994411
0.0,0,4,3,naive_weights_discounted,0.8233333333333334,0.5866918309529623,0.413308162689209,3.155814582810038,0.08625935829800971,0.7889536457025095,nan,0.08625935989121596
0.0,0,4,4,naive,0.7366666666666667,0.6367420895894369,0.3632579294840495,3.214201520592859,0.08539440041817202,1.0,nan,0.08539440003948079
0.0,0,4,4,prismflow,0.7633333333333333,0.586985149383545,0.4130148633321126,3.3647657776193154,0.06503372403069779,0.8411914444048288,nan,0.06503372468054296
0.0,0,4,4,naive_weights_discounted,0.74,0.5427240244547527,0.45727596918741864,3.214201520592859,0.08539440041817202,0.8035503801482148,nan,0.08539440003948079
0.0,1,5,0,naive,0.7266666666666667,0.681106751759847,0.31889323552449544,3.1996764890199567,0.14360020011305916,1.0,0.9052615650494893,0.06652448183960384
0.0,1,5,0,prismflow,0.7633333333333333,0.6003540229797363,0.3996459706624349,3.2715851295688454,0.13263335031036552,0.6543170259137691,0.933268916606903,0.06004491523115171
0.0,1,5,0,naive_weights_discounted,0.73,0.5121144930521647,0.4878855005900065,3.1996764890199567,0.14360020011305916,0.6399352978039914,0.9052615650494893,0.06652448183960384
0.0,1,5,1,naive,0.7666666666666667,0.689237429300944,0.3107625961303711,3.1765124383668812,0.14865365665096425,1.0,0.9330279922485352,0.06354874586893451
0.0,1,5,1,prismflow,0.7866666666666666,0.5944934145609537,0.4055065854390462,3.1777326549345495,0.14829715892659295,0.6355465309869099,0.9478254437446594,0.07502522980173429
0.0,1,5,1,naive_weights_discounted,0.77,0.5131783612569173,0.4868216133117676,3.1765124383668812,0.14865365665096425,0.6353024876733762,0.9330279922485352,0.06354874586893451
0.0,1,5,2,naive,0.6333333333333333,0.5576369031270345,0.44236307779947914,3.5994018673738424,0.10062385739815487,1.0,0.9243339308102926,-0.0034364016354084016
0.0,1,5,2,prismflow,0.6533333333333333,0.5104705238342285,0.4895294698079427,3.540236035314302,0.10425934343051889,0.7080472070628604,0.9085701711972555,0.01481331874512964
0.0,1,5,2,naive_weights_discounted,0.6333333333333333,0.4396251424153646,0.5603748830159505,3.5994018673738424,0.10062385739815487,0.7198803734747685,0.9243339308102926,-0.0034364016354084016
0.0,1,5,3,naive,0.8166666666666667,0.7282882436116537,0.2717117436726888,3.300895466799679,0.1360668856671098,1.0,0.9256551957130432,0.06182468473083443
0.0,1,5,3,prismflow,0.8233333333333334,0.6215933926900228,0.3784066073099772,3.180578945213717,0.14818199805865606,0.6361157890427435,0.9280823055903117,0.07739587832656171
0.0,1,5,3,naive_weights_discounted,0.8166666666666667,0.5678713989257812,0.43212860107421874,3.300895466799679,0.1360668856671098,0.6601790933599357,0.9256551957130432,0.06182468473083443
0.0,1,5,4,naive,0.7333333333333333,0.6596583875020345,0.3403415870666504,3.449925013421448,0.1165973622615871,1.0,0.9215572953224183,0.05146715886063046
0.0,1,5,4,prismflow,0.74,0.5650146929423014,0.43498528162638345,3.465119467485185,0.11425455452272677,0.693023893497037,0.9348293805122375,0.036875829282734134
0.0,1,5,4,naive_weights_discounted,0.7366666666666667,0.513458989461263,0.4865410041809082,3.449925013421448,0.1165973622615871,0.6899850026842895,0.9215572953224183,0.05146715886063046
0.0,2,6,0,naive,0.75,0.6854712740580241,0.3145287259419759,2.846401156202693,0.22278076769984692,1.0,0.9268157813284134,0.0633410697016451
0.0,2,6,0,prismflow,0.7666666666666667,0.5675596046447754,0.4324403699239095,3.0100492390976243,0.2018901935331342,0.5016748731829374,0.9313888510068257,0.048437509037968195
0.0,2,6,0,naive_weights_discounted,0.7566666666666667,0.42378330866495767,0.5762167104085286,2.846401156202693,0.22278076769984692,0.4744001927004488,0.9268157813284134,0.0633410697016451
0.0,2,6,1,naive,0.78,0.7218856430053711,0.27811437924702964,2.911779979704714,0.21515361602408917,1.0,0.9286396127276951,0.051922735563582845
0.0,2,6,1,prismflow,0.7633333333333333,0.5686636670430502,0.4313363329569499,2.93265705014967,0.21050967366266782,0.488776175024945,0.9345873427391052,0.0396267929342058
0.0,2,6,1,naive_weights_discounted,0.7733333333333333,0.46180039723714195,0.5381995900472005,2.911779979704714,0.21515361602408917,0.48529666328411897,0.9286396127276951,0.051922735563582845
0.0,2,6,2,naive,0.6366666666666667,0.583989283243815,0.4160107167561849,3.159455611334014,0.18183060017200744,1.0,0.9069389096895853,0.011419061387164725
0.0,2,6,2,prismflow,0.6633333333333333,0.4802877871195475,0.5197122383117676,3.105305848443171,0.1885748062848816,0.5175509747405285,0.8953820244471232,-0.004308958351612092
0.0,2,6,2,naive_weights_discounted,0.6433333333333333,0.37301249186197916,0.6269875208536784,3.159455611334014,0.18183060017200744,0.5265759352223356,0.9069389096895853,0.011419061387164725
0.0,2,6,3,naive,0.8266666666666667,0.7235304896036784,0.2764695326487223,2.936835506593382,0.2115335013508999,1.0,0.9110901477601793,0.043317332959009545
0.0,2,6,3,prismflow,0.8333333333333334,0.5930342038472494,0.4069658025105794,2.934946313812364,0.2107291436990334,0.4891577189687274,0.9134063397513495,0.046644524393810165
0.0,2,6,3,naive_weights_discounted,0.83,0.47940046310424805,0.5205995305379232,2.936835506593382,0.2115335013508999,0.48947258443223035,0.9110901477601793,0.043317332959009545
0.0,2,6,4,naive,0.73,0.6694250806172689,0.3305749257405599,2.923162415239273,0.21348151892337522,1.0,0.9024729763136969,0.07006731643858882
0.0,2,6,4,prismflow,0.74,0.5170080439249675,0.48299193700154625,2.9705807685470487,0.20681489144306484,0.4950967947578414,0.9129705540339152,0.05435511249634955
0.0,2,6,4,naive_weights_discounted,0.7266666666666667,0.41104973475138346,0.5889502588907878,2.923162415239273,0.21348151892337522,0.4871937358732121,0.9024729763136969,0.07006731643858882
0.0,3,7,0,naive,0.7333333333333333,0.7072138086954752,0.2927862167358398,2.5992089493541246,0.2839067891478405,1.0,0.9036385423607296,0.046176413445630005
0.0,3,7,0,prismflow,0.75,0.5212870915730794,0.478712895711263,2.556167919337858,0.2905880173582098,0.36516684561969404,0.9297414162423876,0.050533924475312235
0.0,3,7,0,naive_weights_discounted,0.7366666666666667,0.3753711700439453,0.6246288553873698,2.5992089493541246,0.2839067891478405,0.37131556419344636,0.9036385423607296,0.046176413445630005
0.0,3,7,1,naive,0.7666666666666667,0.724679323832194,0.27532068570454915,2.602687005086528,0.2851655512562213,1.0,0.9057566755347781,0.04864980393710235
0.0,3,7,1,prismflow,0.77,0.5244355901082357,0.47556440989176435,2.576894238360878,0.28747801060718897,0.3681277483372683,0.9207205532656776,0.06508590368308231
0.0,3,7,1,naive_weights_discounted,0.7766666666666666,0.385851370493571,0.6141485913594564,2.602687005086528,0.2851655512562213,0.37181242929807545,0.9057566755347781,0.04864980393710235
0.0,3,7,2,naive,0.65,0.567186705271403,0.43281328201293945,2.8076303530647695,0.25072599562087383,1.0,0.8770762342876859,0.0095535317932566
0.0,3,7,2,prismflow,0.63,0.4320520401000977,0.5679479598999023,2.6629369504968516,0.2730940698809604,0.38041956435669305,0.9121248253186544,0.023021596318317784
0.0,3,7,2,naive_weights_discounted,0.6566666666666666,0.2982267888387044,0.7017732111612955,2.8076303530647695,0.25072599562087383,0.4010900504378242,0.8770762342876859,0.0095535317932566
0.0,3,7,3,naive,0.8333333333333334,0.7284365463256836,0.2715634536743164,2.518741585799756,0.29737283468305353,1.0,0.8945008064640892,0.0743029871955514
0.0,3,7,3,prismflow,0.83,0.5624101511637369,0.4375898996988932,2.590518095565822,0.28655646601210627,0.3700740136522603,0.9148566264576382,0.045034818336781524
0.0,3,7,3,naive_weights_discounted,0.8366666666666667,0.40163892110188804,0.5983610852559408,2.518741585799756,0.29737283468305353,0.35982022654282225,0.8945008064640892,0.0743029871955514
0.0,3,7,4,naive,0.7066666666666667,0.6866844367980957,0.31331554412841794,2.6149870123069605,0.2824168486716615,1.0,0.8930527969201406,0.07026527030600442
0.0,3,7,4,prismflow,0.7333333333333333,0.480695546468099,0.519304453531901,2.6284756098788624,0.2807671975261448,0.37549651569698045,0.9215257126755185,0.03439178807971378
0.0,3,7,4,naive_weights_discounted,0.7166666666666667,0.35539503733317057,0.6446049626668294,2.6149870123069605,0.2824168486716615,0.3735695731867086,0.8930527969201406,0.07026527030600442
0.0,4,8,0,naive,0.7466666666666667,0.7119360605875651,0.28806392987569174,2.346164834671794,0.3448775508931319,1.0,0.8969389010270437,0.05703009547458754
0.0,4,8,0,prismflow,0.75,0.4886937967936198,0.5113062032063802,2.3546329609339245,0.34287759844326404,0.29432912011674056,0.934100597302119,0.02783846252908309
0.0,4,8,0,naive_weights_discounted,0.7533333333333333,0.3232282511393229,0.6767717361450195,2.346164834671794,0.3448775508931319,0.2932706043339742,0.8969389010270437,0.05703009547458754
0.0,4,8,1,naive,0.7933333333333333,0.7342081960042318,0.2657918357849121,2.4596620922764996,0.3259979335813962,1.0,0.8848476979732511,0.04265331148066454
0.0,4,8,1,prismflow,0.7666666666666667,0.5036854426066081,0.4963145637512207,2.3742284014781223,0.33960644899979575,0.2967785501847653,0.9195529681841533,0.022375881100694342
0.0,4,8,1,naive_weights_discounted,0.7933333333333333,0.3478798294067383,0.6521201578776041,2.4596620922764996,0.3259979335813962,0.30745776153456245,0.8848476979732511,0.04265331148066454
0.0,4,8,2,naive,0.6133333333333333,0.6028379185994466,0.3971620623270671,2.6132079774121952,0.2953893079243614,1.0,0.884276225646337,-0.018353678304702043
0.0,4,8,2,prismflow,0.6466666666666666,0.4322233772277832,0.5677766291300456,2.563922189482266,0.3039249764363507,0.32049027368528327,0.906697967370351,-0.018442858739031686
0.0,4,8,2,naive_weights_discounted,0.61,0.27228288968404135,0.7277171198527018,2.6132079774121952,0.2953893079243614,0.3266509971765244,0.884276225646337,-0.018353678304702043
0.0,4,8,3,naive,0.8333333333333334,0.7428084564208984,0.2571915562947591,2.361339654268777,0.34296965757171155,1.0,0.8791010946432751,0.057249857096208466
0.0,4,8,3,prismflow,0.81,0.5335156695048014,0.466484317779541,2.3645680496052344,0.3437824065783867,0.2955710062006543,0.910534142812093,0.05322419946288897
0.0,4,8,3,naive_weights_discounted,0.84,0.36556959788004556,0.6344304021199544,2.361339654268777,0.34296965757171155,0.2951674567835971,0.8791010946432751,0.057249857096208466
0.0,4,8,4,naive,0.7,0.7087121645609538,0.2912878290812175,2.297282455584677,0.3574034487485664,1.0,0.8838756086826324,0.0654991206775109
0.0,4,8,4,prismflow,0.7033333333333334,0.46527888615926105,0.5347210820515951,2.39702848475337,0.3358435221379591,0.29962856059417126,0.912685802380244,0.024133810069825914
0.0,4,8,4,naive_weights_discounted,0.7033333333333334,0.30355663935343424,0.6964433415730794,2.297282455584677,0.3574034487485664,0.28716030694808464,0.8838756086826324,0.0654991206775109
0.5,0,4,0,naive,0.8133333333333334,0.7893324915568034,0.21066749890645345,2.1866682440368512,0.2776856049314123,1.0,nan,0.27768560611539417
0.5,0,4,0,prismflow,0.79,0.6611117935180664,0.33888819694519046,2.1117859385729862,0.2987615744263156,0.5279464846432466,nan,0.2987615724404653
0.5,0,4,0,naive_weights_discounted,0.8133333333333334,0.5613144683837891,0.4386855189005534,2.1866682440368512,0.2776856049314123,0.5466670610092128,nan,0.27768560611539417
0.5,0,4,1,naive,0.8833333333333333,0.8306118901570638,0.1693880812327067,2.2415692633539592,0.26334146171841355,1.0,nan,0.26334146105580863
0.5,0,4,1,prismflow,0.8833333333333333,0.6982717450459798,0.30172826766967775,2.224187798176123,0.26875697517521885,0.5560469495440308,nan,0.26875697682301203
0.5,0,4,1,naive_weights_discounted,0.8833333333333333,0.6138998858133952,0.386100107828776,2.2415692633539592,0.26334146171841355,0.5603923158384898,nan,0.26334146105580863
0.5,0,4,2,naive,0.68,0.598530445098877,0.40146952946980796,2.3440875248415107,0.23852348101609844,1.0,nan,0.23852348075144822
0.5,0,4,2,prismflow,0.7133333333333334,0.5204507827758789,0.4795491981506348,2.4074753134308406,0.22428739043340248,0.6018688283577102,nan,0.2242873897196518
0.5,0,4,2,naive_weights_discounted,0.68,0.4164736874898275,0.5835263188680013,2.3440875248415107,0.23852348101609844,0.5860218812103777,nan,0.23852348075144822
0.5,0,4,3,naive,0.88,0.8292714818318685,0.1707284943262736,2.209803918851543,0.2842339290965209,1.0,nan,0.2842339317376415
0.5,0,4,3,prismflow,0.8766666666666667,0.7127208201090495,0.28727917353312177,2.3063892938837722,0.25915787304516413,0.5765973234709431,nan,0.25915787180885674
0.5,0,4,3,naive_weights_discounted,0.8833333333333333,0.6080228487650553,0.3919771639506022,2.209803918851543,0.2842339290965209,0.5524509797128857,nan,0.2842339317376415
0.5,0,4,4,naive,0.8,0.7582354990641276,0.24176453908284506,2.191377601829759,0.27961429621765616,1.0,nan,0.27961429453972314
0.5,0,4,4,prismflow,0.82,0.6312323824564616,0.3687675952911377,2.2427436194929706,0.27158248203402946,0.5606859048732427,nan,0.2715824812816249
0.5,0,4,4,naive_weights_discounted,0.7933333333333333,0.5304059664408366,0.46959403991699217,2.191377601829759,0.27961429621765616,0.5478444004574398,nan,0.27961429453972314
0.5,1,5,0,naive,0.7866666666666666,0.8031829579671224,0.1968170388539632,2.2117945580120266,0.31546489460106003,1.0,0.9285612813631694,0.2527148325244586
0.5,1,5,0,prismflow,0.7933333333333333,0.6495014953613282,0.3504985205332438,2.211972267657789,0.32008844439608725,0.442394453531558,0.9398212146759033,0.2723834070770277
0.5,1,5,0,naive_weights_discounted,0.7866666666666666,0.5239900843302409,0.4760099156697591,2.2117945580120266,0.31546489460106003,0.44235891160240526,0.9285612813631694,0.2527148325244586
0.5,1,5,1,naive,0.8566666666666667,0.8399227015177408,0.16007727940877278,2.269787421936621,0.3035063595266942,1.0,0.9483355331420898,0.2501285054286321
0.5,1,5,1,prismflow,0.89,0.6943656921386718,0.3056343332926432,2.297021951467376,0.29524533947103215,0.45940439029347524,0.9531285444895427,0.2377328869866
0.5,1,5,1,naive_weights_discounted,0.8633333333333333,0.5689844385782877,0.43101560592651367,2.269787421936621,0.3035063595266942,0.45395748438732425,0.9483355331420898,0.2501285054286321
0.5,1,5,2,naive,0.67,0.6054060109456381,0.3945939509073893,2.463224882897664,0.26358421357969697,1.0,0.9033610248565673,0.2097185754776001
0.5,1,5,2,prismflow,0.7166666666666667,0.5138467216491699,0.4861532656351725,2.453789637371306,0.26620954542774256,0.49075792747426117,0.9389556837081909,0.17767977009216943
0.5,1,5,2,naive_weights_discounted,0.6766666666666666,0.38417522112528485,0.6158248011271159,2.463224882897664,0.26358421357969697,0.49264497657953293,0.9033610248565673,0.2097185754776001
0.5,1,5,3,naive,0.8733333333333333,0.8432889302571615,0.15671106338500976,2.186351493577837,0.33648602936626515,1.0,0.958643217086792,0.28139421943161225
0.5,1,5,3,prismflow,0.8733333333333333,0.6751379712422689,0.3248620065053304,2.2166506888000366,0.32894462938169045,0.4433301377600073,0.9620515004793803,0.26832789628042114
0.5,1,5,3,naive_weights_discounted,0.88,0.5703631083170573,0.4296368980407715,2.186351493577837,0.33648602936626515,0.4372702987155674,0.958643217086792,0.28139421943161225
0.5,1,5,4,naive,0.7533333333333333,0.7689402262369792,0.23105979601542154,2.1688285546223183,0.3309016502545616,1.0,0.920472932656606,0.2757019762612052
0.5,1,5,4,prismflow,0.7866666666666666,0.6116734059651693,0.3883266003926595,2.266383370953456,0.3075658664921266,0.45327667419069123,0.9504915277163187,0.2599483441085451
0.5,1,5,4,naive_weights_discounted,0.7566666666666667,0.47860905329386394,0.5213909339904785,2.1688285546223183,0.3309016502545616,0.4337657109244637,0.920472932656606,0.2757019762612052
0.5,2,6,0,naive,0.7866666666666666,0.8099071375528971,0.1900928751627604,2.061879392859001,0.38243455595657094,1.0,0.9226735724343195,0.2731605348487695
0.5,2,6,0,prismflow,0.8066666666666666,0.6251913770039876,0.3748086071014404,2.0563393541214663,0.38655212433712827,0.34272322568691105,0.9424348950386047,0.28192203932338294
0.5,2,6,0,naive_weights_discounted,0.7866666666666666,0.46341463724772136,0.5365853500366211,2.061879392859001,0.38243455595657094,0.34364656547650024,0.9226735724343195,0.2731605348487695
0.5,2,6,1,naive,0.87,0.8384349314371745,0.1615650749206543,2.1475856031869496,0.36539363605887937,1.0,0.9369094938702055,0.24121081477858952
0.5,2,6,1,prismflow,0.8633333333333333,0.6763674290974935,0.3236325772603353,2.2510129723816843,0.3339083592764493,0.37516882873028073,0.9407590317726134,0.20713207802838748
0.5,2,6,1,naive_weights_discounted,0.8733333333333333,0.5068973541259766,0.4931026331583659,2.1475856031869496,0.36539363605887937,0.35793093386449165,0.9369094938702055,0.24121081477858952
0.5,2,6,2,naive,0.7033333333333334,0.6220455996195475,0.3779543940226237,2.2324901197445426,0.33913991456245046,1.0,0.8708122905095418,0.22115338078803484
0.5,2,6,2,prismflow,0.72,0.5047995885213216,0.4952004305521647,2.380010225197919,0.3093935660033301,0.3966683708663199,0.9273274307780796,0.18329903726776442
0.5,2,6,2,naive_weights_discounted,0.7,0.32972182591756183,0.670278148651123,2.2324901197445426,0.33913991456245046,0.3720816866240904,0.8708122905095418,0.22115338078803484
0.5,2,6,3,naive,0.89,0.8506400680541992,0.14935993989308674,2.1243476668866075,0.3766785217087466,1.0,0.9445072370105319,0.261222580290503
0.5,2,6,3,prismflow,0.88,0.6424848874409993,0.35751512527465823,2.0547769580809097,0.3944829362307421,0.3424628263468183,0.9493207695749071,0.26065465696156026
0.5,2,6,3,naive_weights_discounted,0.8933333333333333,0.5383325958251953,0.4616674041748047,2.1243476668866075,0.3766785217087466,0.35405794448110134,0.9445072370105319,0.261222580290503
0.5,2,6,4,naive,0.7666666666666667,0.7829121653238932,0.21708779652913412,2.1005871147565993,0.3738609788466349,1.0,0.8929042463832432,0.2560723555046651
0.5,2,6,4,prismflow,0.7866666666666666,0.5644967142740885,0.4355032920837402,2.076214617256434,0.3820817208047492,0.346035769542739,0.9461765789985656,0.258625950705674
0.5,2,6,4,naive_weights_discounted,0.77,0.4354733085632324,0.5645266787211101,2.1005871147565993,0.3738609788466349,0.35009785245943315,0.8929042463832432,0.2560723555046651
0.5,3,7,0,naive,0.7866666666666666,0.8130631510416667,0.1869368584950765,1.9469615699085245,0.43392590403233916,1.0,0.9150136061509452,0.2545756789296865
0.5,3,7,0,prismflow,0.8,0.6151607704162597,0.3848392486572266,2.015727395985165,0.41488854716518675,0.2879610565693093,0.9349417608314091,0.25908160752720305
0.5,3,7,0,naive_weights_discounted,0.7933333333333333,0.4263253974914551,0.5736745961507161,1.9469615699085245,0.43392590403233916,0.2781373671297892,0.9150136061509452,0.2545756789296865
0.5,3,7,1,naive,0.86,0.8403831227620443,0.15961687564849852,2.004453762112353,0.41658521154252315,1.0,0.9333732705646091,0.23081811474429237
0.5,3,7,1,prismflow,0.8566666666666667,0.6418099784851075,0.358190008799235,2.0999470946197722,0.39024965785100446,0.2999924420885389,0.94617005387942,0.19473298503292932
0.5,3,7,1,naive_weights_discounted,0.86,0.4573720995585124,0.5426279258728027,2.004453762112353,0.41658521154252315,0.28635053744462186,0.9333732705646091,0.23081811474429237
0.5,3,7,2,naive,0.7,0.6076130167643229,0.39238699595133464,2.1562963134807873,0.3774096654367064,1.0,0.8971389688385858,0.20105357040961583
0.5,3,7,2,prismflow,0.7066666666666667,0.4897513135274251,0.51024871190389,2.1630153454404693,0.37359928033500933,0.30900219220578135,0.9232611764801874,0.20737213790416717
0.5,3,7,2,naive_weights_discounted,0.7,0.28786523183186846,0.712134755452474,2.1562963134807873,0.3774096654367064,0.3080423304972553,0.8971389688385858,0.20105357040961583
0.5,3,7,3,naive,0.9,0.8598559951782226,0.14014402707417806,2.0440210298328556,0.41620502174151647,1.0,0.9300877653227912,0.2167886017635465
0.5,3,7,3,prismflow,0.8766666666666667,0.6312753295898438,0.3687246608734131,1.9989954220802413,0.4270698205713338,0.2855707745828916,0.9405262525876363,0.23696242233531342
0.5,3,7,3,naive_weights_discounted,0.9,0.5132112503051758,0.48678874333699546,2.0440210298328556,0.41620502174151647,0.29200300426183656,0.9300877653227912,0.2167886017635465
0.5,3,7,4,naive,0.74,0.7829270553588867,0.21707290649414063,1.9487149904157302,0.4336659102602617,1.0,0.9087701076931424,0.263717548660934
0.5,3,7,4,prismflow,0.7766666666666666,0.5302071571350098,0.46979284286499023,1.8765926475004755,0.45662134547027905,0.2680846639286394,0.9417313551902771,0.29702659010473226
0.5,3,7,4,naive_weights_discounted,0.75,0.3859943930308024,0.6140056165059408,1.9487149904157302,0.4336659102602617,0.27838785577367575,0.9087701076931424,0.263717548660934
0.5,4,8,0,naive,0.8066666666666666,0.8247881825764974,0.17521183013916017,1.8429597112203984,0.47884536414687756,1.0,0.9107412158648174,0.26583637282511013
0.5,4,8,0,prismflow,0.7933333333333333,0.5941160519917806,0.4058839670817057,1.9121597814859483,0.4561731282927544,0.23901997268574354,0.9267335182030996,0.24543575637870366
0.5,4,8,0,naive_weights_discounted,0.8066666666666666,0.393991330464681,0.6060087013244629,1.8429597112203984,0.47884536414687756,0.2303699639025498,0.9107412158648174,0.26583637282511013
0.5,4,8,1,naive,0.8566666666666667,0.8463624954223633,0.15363752047220866,1.9117801475418172,0.45571506549552604,1.0,0.9161090457439421,0.21634895149204467
0.5,4,8,1,prismflow,0.8566666666666667,0.6198954772949219,0.3801045481363932,1.9786009948883398,0.43597512104089325,0.24732512436104248,0.9410441307226817,0.19971462815999985
0.5,4,8,1,naive_weights_discounted,0.8566666666666667,0.4273953692118327,0.572604611714681,1.9117801475418172,0.45571506549552604,0.23897251844272716,0.9161090457439421,0.21634895149204467
0.5,4,8,2,naive,0.6966666666666667,0.6174630991617839,0.3825368881225586,1.9406849563060207,0.44827918342706513,1.0,0.8994344391028086,0.2472616544365883
0.5,4,8,2,prismflow,0.69,0.4715564219156901,0.5284435590108235,2.0186430009481553,0.4244599616518125,0.2523303751185194,0.9265015607674917,0.1784053678562244
0.5,4,8,2,naive_weights_discounted,0.6933333333333334,0.2482675043741862,0.7517324701944987,1.9406849563060207,0.44827918342706513,0.24258561953825258,0.8994344391028086,0.2472616544365883
0.5,4,8,3,naive,0.89,0.8692936070760091,0.13070639610290527,1.9222206585693546,0.46497218470433194,1.0,0.9288701025644939,0.23246298580533928
0.5,4,8,3,prismflow,0.8666666666666667,0.5928139495849609,0.40718605677286784,1.830166138922326,0.48967478535056397,0.22877076736529076,0.9393942756652833,0.2536231266376045
0.5,4,8,3,naive_weights_discounted,0.8866666666666667,0.48082316080729165,0.5191768391927083,1.9222206585693546,0.46497218470433194,0.24027758232116933,0.9288701025644939,0.23246298580533928
0.5,4,8,4,naive,0.76,0.7875648625691731,0.21243514060974122,1.8533512194772148,0.4752547842199571,1.0,0.89435808634758,0.22613898560404777
0.5,4,8,4,prismflow,0.7666666666666667,0.5192550977071126,0.4807449086507161,1.8309865755908914,0.4831908340191501,0.22887332194886142,0.9428310492038726,0.26609859132000974
0.5,4,8,4,naive_weights_discounted,0.7633333333333333,0.35240700721740725,0.6475929768880209,1.8533512194772148,0.4752547842199571,0.23166890243465185,0.89435808634758,0.22613898560404777
