rho,k,n_views,seed,system,accuracy,mean_confidence,mean_uncertainty,eniv,mean_dependence,alpha,dependence_clone_pairs,dependence_distinct_pairs,eniv_truth_base,eniv_truth_population
0.0,0,4,0,naive,0.7566666666666667,0.6677920214335124,0.33220796585083007,3.5937139990350304,0.031235439156700906,1.0,nan,0.03123543927239047,4.0,4.0
0.0,0,4,0,prismflow,0.7566666666666667,0.6620246442159017,0.3379753557840983,3.604389870669966,0.027016917857634676,0.9010974676674915,nan,0.027016918046606914,4.0,4.0
0.0,0,4,0,naive_weights_discounted,0.7633333333333333,0.6415884462992351,0.3584115473429362,3.5937139990350304,0.031235439156700906,0.8984284997587576,nan,0.03123543927239047,4.0,4.0
0.0,0,4,1,naive,0.7766666666666666,0.6983309745788574,0.3016690254211426,3.587583973973416,0.06970085381843937,1.0,nan,0.06970085443721878,4.0,4.0
0.0,0,4,1,prismflow,0.7733333333333333,0.6726343663533528,0.3273656463623047,3.57846630247308,0.07404432226073565,0.89461657561827,nan,0.07404432139255934,4.0,4.0
0.0,0,4,1,naive_weights_discounted,0.7766666666666666,0.6633345921834309,0.3366654205322266,3.587583973973416,0.06970085381843937,0.896895993493354,nan,0.06970085443721878,4.0,4.0
0.0,0,4,2,naive,0.6266666666666667,0.5534116172790527,0.44658838272094725,3.6286866530573993,0.012458026808902787,1.0,nan,0.012458026701222277,4.0,4.0
0.0,0,4,2,prismflow,0.6633333333333333,0.5570349756876628,0.442965030670166,3.6624831169956718,0.017354546203391042,0.9156207792489179,nan,0.01735454590784179,4.0,4.0
0.0,0,4,2,naive_weights_discounted,0.6266666666666667,0.5349263000488281,0.4650737190246582,3.6286866530573993,0.012458026808902787,0.9071716632643498,nan,0.012458026701222277,4.0,4.0
0.0,0,4,3,naive,0.82,0.689450740814209,0.3105492655436198,3.5079275826282683,0.08625935829800971,1.0,nan,0.08625935989121596,4.0,4.0
0.0,0,4,3,prismflow,0.82,0.6648681131998698,0.3351318550109863,3.5228009915575957,0.08855942512337321,0.8807002478893989,nan,0.08855942409899499,4.0,4.0
0.0,0,4,3,naive_weights_discounted,0.8166666666666667,0.6460852368672689,0.3539147440592448,3.5079275826282683,0.08625935829800971,0.8769818956570671,nan,0.08625935989121596,4.0,4.0
0.0,0,4,4,naive,0.7366666666666667,0.6367420895894369,0.3632579294840495,3.5730104658898125,0.08539440041817202,1.0,nan,0.08539440003948079,4.0,4.0
0.0,0,4,4,prismflow,0.7466666666666667,0.614789981842041,0.3852099990844727,3.56122955658834,0.0636314810582626,0.890307389147085,nan,0.06363148079150253,4.0,4.0
0.0,0,4,4,naive_weights_discounted,0.7433333333333333,0.5921432749430339,0.4078567123413086,3.5730104658898125,0.08539440041817202,0.8932526164724531,nan,0.08539440003948079,4.0,4.0
0.0,1,5,0,naive,0.7266666666666667,0.681106751759847,0.31889323552449544,3.841606746871149,0.14360020011305916,1.0,0.9052615650494893,0.06652448183960384,4.0,4.0
0.0,1,5,0,prismflow,0.7533333333333333,0.615987434387207,0.38401257832845054,3.752287300669103,0.1408212697025752,0.7504574601338205,0.9533667993545533,0.054386631556683114,4.0,4.0
0.0,1,5,0,naive_weights_discounted,0.73,0.6120704650878906,0.3879295285542806,3.841606746871149,0.14360020011305916,0.7683213493742299,0.9052615650494893,0.06652448183960384,4.0,4.0
0.0,1,5,1,naive,0.7666666666666667,0.689237429300944,0.3107625961303711,3.724853278149627,0.14865365665096425,1.0,0.9330279922485352,0.06354874586893451,4.0,4.0
0.0,1,5,1,prismflow,0.7933333333333333,0.6456474049886067,0.3543525950113932,3.714867451000984,0.15121401728570488,0.7429734902001968,0.9660267504056295,0.06941498875048839,4.0,4.0
0.0,1,5,1,naive_weights_discounted,0.7666666666666667,0.5954004796346029,0.4045995330810547,3.724853278149627,0.14865365665096425,0.7449706556299254,0.9330279922485352,0.06354874586893451,4.0,4.0
0.0,1,5,2,naive,0.6333333333333333,0.5576369031270345,0.44236307779947914,3.879384622616639,0.10062385739815487,1.0,0.9243339308102926,-0.0034364016354084016,4.0,4.0
0.0,1,5,2,prismflow,0.64,0.5079763476053873,0.49202365239461265,3.7919925781951718,0.07388149538111,0.7583985156390343,0.9558293890953063,-0.03305450722989109,4.0,4.0
0.0,1,5,2,naive_weights_discounted,0.6433333333333333,0.4804931577046712,0.5195068359375,3.879384622616639,0.10062385739815487,0.7758769245233278,0.9243339308102926,-0.0034364016354084016,4.0,4.0
0.0,1,5,3,naive,0.8166666666666667,0.7282882436116537,0.2717117436726888,3.74133355750365,0.1360668856671098,1.0,0.9256551957130432,0.06182468473083443,4.0,4.0
0.0,1,5,3,prismflow,0.79,0.5906908957163493,0.40930911382039387,3.7256037557309303,0.14909661393101997,0.7451207511461859,0.9619901800155639,0.060900718981607094,4.0,4.0
0.0,1,5,3,naive_weights_discounted,0.8333333333333334,0.6550663248697917,0.34493364334106447,3.74133355750365,0.1360668856671098,0.7482667115007299,0.9256551957130432,0.06182468473083443,4.0,4.0
0.0,1,5,4,naive,0.7333333333333333,0.6596583875020345,0.3403415870666504,3.816579539903788,0.1165973622615871,1.0,0.9215572953224183,0.05146715886063046,4.0,4.0
0.0,1,5,4,prismflow,0.6866666666666666,0.511487185160319,0.4885128339131673,3.786068857880325,0.12200458673677728,0.757213771576065,0.9601855794588725,0.046356508514533434,4.0,4.0
0.0,1,5,4,naive_weights_discounted,0.7366666666666667,0.5859308179219563,0.41406920115152995,3.816579539903788,0.1165973622615871,0.7633159079807577,0.9215572953224183,0.05146715886063046,4.0,4.0
0.0,2,6,0,naive,0.75,0.6854712740580241,0.3145287259419759,3.8441656417929835,0.22278076769984692,1.0,0.9268157813284134,0.0633410697016451,4.0,3.9999999999999987
0.0,2,6,0,prismflow,0.7666666666666667,0.5783002726236979,0.42169973373413083,3.7770869162210237,0.22590621526248886,0.6295144860368374,0.9510546440548366,0.06434486934708224,4.0,3.9999999999999987
0.0,2,6,0,naive_weights_discounted,0.7466666666666667,0.5499838701883952,0.4500161361694336,3.8441656417929835,0.22278076769984692,0.640694273632164,0.9268157813284134,0.0633410697016451,4.0,3.9999999999999987
0.0,2,6,1,naive,0.78,0.7218856430053711,0.27811437924702964,3.832975658849786,0.21515361602408917,1.0,0.9286396127276951,0.051922735563582845,4.0,3.9999999999999987
0.0,2,6,1,prismflow,0.7433333333333333,0.5654772726694742,0.4345227305094401,3.8077128339905237,0.21356739569193622,0.6346188056650872,0.9501384025149875,0.028453046189000214,4.0,3.9999999999999987
0.0,2,6,1,naive_weights_discounted,0.7766666666666666,0.6243643633524577,0.3756356430053711,3.832975658849786,0.21515361602408917,0.6388292764749645,0.9286396127276951,0.051922735563582845,4.0,3.9999999999999987
0.0,2,6,2,naive,0.6366666666666667,0.583989283243815,0.4160107167561849,3.974370573934208,0.18183060017200744,1.0,0.9069389096895853,0.011419061387164725,4.0,3.9999999999999987
0.0,2,6,2,prismflow,0.6466666666666666,0.5147536659240722,0.48524634043375653,3.9247443710193215,0.22569040910851176,0.6541240618365535,0.9296883543332418,0.0540678735783634,4.0,3.9999999999999987
0.0,2,6,2,naive_weights_discounted,0.6466666666666666,0.48050959904988605,0.5194904136657715,3.974370573934208,0.18183060017200744,0.6623950956557013,0.9069389096895853,0.011419061387164725,4.0,3.9999999999999987
0.0,2,6,3,naive,0.8266666666666667,0.7235304896036784,0.2764695326487223,3.9154433029533453,0.2115335013508999,1.0,0.9110901477601793,0.043317332959009545,4.0,3.9999999999999987
0.0,2,6,3,prismflow,0.83,0.6475530687967936,0.35244693120320636,3.835883827617593,0.22808726399138404,0.6393139712695988,0.9428644863764446,0.055138343754741866,4.0,3.9999999999999987
0.0,2,6,3,naive_weights_discounted,0.8366666666666667,0.6659876378377279,0.3340123780568441,3.9154433029533453,0.2115335013508999,0.6525738838255576,0.9110901477601793,0.043317332959009545,4.0,3.9999999999999987
0.0,2,6,4,naive,0.73,0.6694250806172689,0.3305749257405599,3.914654015544724,0.21348151892337522,1.0,0.9024729763136969,0.07006731643858882,4.0,3.9999999999999987
0.0,2,6,4,prismflow,0.7566666666666667,0.6205894660949707,0.3794105339050293,3.8991460880306614,0.21374196365287895,0.6498576813384436,0.939750526746114,0.04270043509494927,4.0,3.9999999999999987
0.0,2,6,4,naive_weights_discounted,0.7266666666666667,0.5478033510843913,0.45219664255777997,3.914654015544724,0.21348151892337522,0.6524423359241206,0.9024729763136969,0.07006731643858882,4.0,3.9999999999999987
0.0,3,7,0,naive,0.7333333333333333,0.7072138086954752,0.2927862167358398,4.029758836986747,0.2839067891478405,1.0,0.9036385423607296,0.046176413445630005,4.0,3.999999999999999
0.0,3,7,0,prismflow,0.74,0.6331643549601237,0.3668356450398763,3.9633311803400724,0.2819960889686296,0.5661901686200103,0.9308150818612839,0.038248248356911874,4.0,3.999999999999999
0.0,3,7,0,naive_weights_discounted,0.75,0.6114644241333008,0.38853557586669923,4.029758836986747,0.2839067891478405,0.5756798338552496,0.9036385423607296,0.046176413445630005,4.0,3.999999999999999
0.0,3,7,1,naive,0.7666666666666667,0.724679323832194,0.27532068570454915,3.9348059447658676,0.2851655512562213,1.0,0.9057566755347781,0.04864980393710235,4.0,3.999999999999999
0.0,3,7,1,prismflow,0.7833333333333333,0.6436224619547526,0.35637752532958983,3.8774298048710936,0.2939743395075743,0.5539185435530133,0.933849246899287,0.06989421962398208,4.0,3.999999999999999
0.0,3,7,1,naive_weights_discounted,0.7466666666666667,0.5545709069569905,0.4454290898640951,3.9348059447658676,0.2851655512562213,0.5621151349665525,0.9057566755347781,0.04864980393710235,4.0,3.999999999999999
0.0,3,7,2,naive,0.65,0.567186705271403,0.43281328201293945,4.119869063638699,0.25072599562087383,1.0,0.8770762342876859,0.0095535317932566,4.0,3.999999999999999
0.0,3,7,2,prismflow,0.6766666666666666,0.45102498372395833,0.5489750226338704,3.9556126767495954,0.2741012796684496,0.5650875252499422,0.9250530690617031,0.009496025459633933,4.0,3.999999999999999
0.0,3,7,2,naive_weights_discounted,0.62,0.4584683163960775,0.5415316836039226,4.119869063638699,0.25072599562087383,0.5885527233769571,0.8770762342876859,0.0095535317932566,4.0,3.999999999999999
0.0,3,7,3,naive,0.8333333333333334,0.7284365463256836,0.2715634536743164,4.014281774037379,0.29737283468305353,1.0,0.8945008064640892,0.0743029871955514,4.0,3.999999999999999
0.0,3,7,3,prismflow,0.82,0.6761314837137858,0.32386849403381346,3.9320940387085,0.3105472893003429,0.5617277198155001,0.9311556135283577,0.06743125090996424,4.0,3.999999999999999
0.0,3,7,3,naive_weights_discounted,0.82,0.6331129773457845,0.36688700993855794,4.014281774037379,0.29737283468305353,0.5734688248624826,0.8945008064640892,0.0743029871955514,4.0,3.999999999999999
0.0,3,7,4,naive,0.7066666666666667,0.6866844367980957,0.31331554412841794,3.9774641440537417,0.2824168486716615,1.0,0.8930527969201406,0.07026527030600442,4.0,3.999999999999999
0.0,3,7,4,prismflow,0.6866666666666666,0.6250546137491862,0.37494537989298504,3.914398225379438,0.28615473261796753,0.5591997464827769,0.9313959730996025,0.04016753041081958,4.0,3.999999999999999
0.0,3,7,4,naive_weights_discounted,0.6433333333333333,0.39756020228068034,0.6024398104349772,3.9774641440537417,0.2824168486716615,0.5682091634362487,0.8930527969201406,0.07026527030600442,4.0,3.999999999999999
0.0,4,8,0,naive,0.7466666666666667,0.7119360605875651,0.28806392987569174,4.1450785497577405,0.3448775508931319,1.0,0.8969389010270437,0.05703009547458754,4.0,4.0
0.0,4,8,0,prismflow,0.7333333333333333,0.6160251681009928,0.3839748255411784,3.9839945912177,0.3525081988160776,0.4979993239022125,0.9336319719950359,0.03276950566305054,4.0,4.0
0.0,4,8,0,naive_weights_discounted,0.7333333333333333,0.5532761573791504,0.4467238171895345,4.1450785497577405,0.3448775508931319,0.5181348187197176,0.8969389010270437,0.05703009547458754,4.0,4.0
0.0,4,8,1,naive,0.7933333333333333,0.7342081960042318,0.2657918357849121,4.137719672565429,0.3259979335813962,1.0,0.8848476979732511,0.04265331148066454,4.0,4.0
0.0,4,8,1,prismflow,0.77,0.6379509735107421,0.3620490392049154,3.923145901326099,0.35620324296340167,0.49039323766576237,0.9324508742491403,0.06515300907323963,4.0,4.0
0.0,4,8,1,naive_weights_discounted,0.7666666666666667,0.5675758234659831,0.4324241574605306,4.137719672565429,0.3259979335813962,0.5172149590706786,0.8848476979732511,0.04265331148066454,4.0,4.0
0.0,4,8,2,naive,0.6133333333333333,0.6028379185994466,0.3971620623270671,4.222359155094432,0.2953893079243614,1.0,0.884276225646337,-0.018353678304702043,4.0,4.0
0.0,4,8,2,prismflow,0.6533333333333333,0.488050651550293,0.5119493420918783,4.09178013331036,0.32601707491319704,0.511472516663795,0.9170132712523144,0.013678166816631953,4.0,4.0
0.0,4,8,2,naive_weights_discounted,0.6233333333333333,0.4215282758076986,0.5784717241923014,4.222359155094432,0.2953893079243614,0.527794894386804,0.884276225646337,-0.018353678304702043,4.0,4.0
0.0,4,8,3,naive,0.8333333333333334,0.7428084564208984,0.2571915562947591,4.1778739569384244,0.34296965757171155,1.0,0.8791010946432751,0.057249857096208466,4.0,4.0
0.0,4,8,3,prismflow,0.7966666666666666,0.6841150029500326,0.3158849747975667,4.0432848916788195,0.3630769473845266,0.5054106114598524,0.925690699895223,0.0682908487609691,4.0,4.0
0.0,4,8,3,naive_weights_discounted,0.8133333333333334,0.6553245671590169,0.34467541694641113,4.1778739569384244,0.34296965757171155,0.5222342446173031,0.8791010946432751,0.057249857096208466,4.0,4.0
0.0,4,8,4,naive,0.7,0.7087121645609538,0.2912878290812175,4.163686880728681,0.3574034487485664,1.0,0.8838756086826324,0.0654991206775109,4.0,4.0
0.0,4,8,4,prismflow,0.6966666666666667,0.5766561698913574,0.42334381739298504,3.9491289080611636,0.3546746508834171,0.49364111350764545,0.9247248207728068,0.05613782947676049,4.0,4.0
0.0,4,8,4,naive_weights_discounted,0.6733333333333333,0.4980335013071696,0.5019665145874024,4.163686880728681,0.3574034487485664,0.5204608600910852,0.8838756086826324,0.0654991206775109,4.0,4.0
0.5,0,4,0,naive,0.8133333333333334,0.7893324915568034,0.21066749890645345,3.0934338648941955,0.2776856049314123,1.0,nan,0.27768560611539417,2.5,2.5
0.5,0,4,0,prismflow,0.7966666666666666,0.7516565068562826,0.2483434549967448,3.1060537930866654,0.2882199073556018,0.7765134482716664,nan,0.2882199083185858,2.5,2.5
0.5,0,4,0,naive_weights_discounted,0.8066666666666666,0.681124070485433,0.3188759104410807,3.0934338648941955,0.2776856049314123,0.7733584662235489,nan,0.27768560611539417,2.5,2.5
0.5,0,4,1,naive,0.8833333333333333,0.8306118901570638,0.1693880812327067,3.1877751122841986,0.26334146171841355,1.0,nan,0.26334146105580863,2.5,2.5
0.5,0,4,1,prismflow,0.88,0.7910523096720378,0.20894770940144858,3.195164336120028,0.26399017374532574,0.798791084030007,nan,0.26399017678366765,2.5,2.5
0.5,0,4,1,naive_weights_discounted,0.8766666666666667,0.7482168324788412,0.25178317705790204,3.1877751122841986,0.26334146171841355,0.7969437780710497,nan,0.26334146105580863,2.5,2.5
0.5,0,4,2,naive,0.68,0.598530445098877,0.40146952946980796,3.25328386174998,0.23852348101609844,1.0,nan,0.23852348075144822,2.5,2.5
0.5,0,4,2,prismflow,0.7066666666666667,0.5651587295532227,0.4348412577311198,3.2347241901632917,0.22538458225646035,0.8086810475408229,nan,0.22538458440866735,2.5,2.5
0.5,0,4,2,naive_weights_discounted,0.6766666666666666,0.5023076566060384,0.4976923624674479,3.25328386174998,0.23852348101609844,0.813320965437495,nan,0.23852348075144822,2.5,2.5
0.5,0,4,3,naive,0.88,0.8292714818318685,0.1707284943262736,3.107858047694186,0.2842339290965209,1.0,nan,0.2842339317376415,2.5,2.5
0.5,0,4,3,prismflow,0.88,0.8007491811116536,0.19925079663594564,3.1536502884225035,0.2723178320074005,0.7884125721056259,nan,0.2723178288050823,2.5,2.5
0.5,0,4,3,naive_weights_discounted,0.8733333333333333,0.751751963297526,0.24824804623921712,3.107858047694186,0.2842339290965209,0.7769645119235465,nan,0.2842339317376415,2.5,2.5
0.5,0,4,4,naive,0.8,0.7582354990641276,0.24176453908284506,3.1044517580817863,0.27961429621765616,1.0,nan,0.27961429453972314,2.5,2.5
0.5,0,4,4,prismflow,0.79,0.7184721247355144,0.2815278879801432,3.0807542802564685,0.28217424583857253,0.7701885700641171,nan,0.2821742476191786,2.5,2.5
0.5,0,4,4,naive_weights_discounted,0.7733333333333333,0.6542366282145182,0.3457633876800537,3.1044517580817863,0.27961429621765616,0.7761129395204466,nan,0.27961429453972314,2.5,2.5
0.5,1,5,0,naive,0.7866666666666666,0.8031829579671224,0.1968170388539632,3.363482913009039,0.31546489460106003,1.0,0.9285612813631694,0.2527148325244586,2.5,2.775255128608411
0.5,1,5,0,prismflow,0.79,0.7362419001261393,0.2637581221262614,3.3228845320143403,0.33807096369997763,0.664576906402868,0.9550717250506083,0.2837134497364362,2.5,2.775255128608411
0.5,1,5,0,naive_weights_discounted,0.7966666666666666,0.6847868347167969,0.31521316528320314,3.363482913009039,0.31546489460106003,0.6726965826018078,0.9285612813631694,0.2527148325244586,2.5,2.775255128608411
0.5,1,5,1,naive,0.8566666666666667,0.8399227015177408,0.16007727940877278,3.394413848934845,0.3035063595266942,1.0,0.9483355331420898,0.2501285054286321,2.5,2.775255128608411
0.5,1,5,1,prismflow,0.87,0.7535785293579101,0.2464214817682902,3.3846052885529243,0.30155865318343755,0.676921057710585,0.9595051288604737,0.244168679540356,2.5,2.775255128608411
0.5,1,5,1,naive_weights_discounted,0.8333333333333334,0.6939251963297526,0.30607478141784666,3.394413848934845,0.3035063595266942,0.6788827697869692,0.9483355331420898,0.2501285054286321,2.5,2.775255128608411
0.5,1,5,2,naive,0.67,0.6054060109456381,0.3945939509073893,3.6402121786925545,0.26358421357969697,1.0,0.9033610248565673,0.2097185754776001,2.5,2.775255128608411
0.5,1,5,2,prismflow,0.6966666666666667,0.5272822380065918,0.47271777470906573,3.47249512811628,0.2876661496820233,0.6944990256232559,0.9563392893473307,0.22888469533787834,2.5,2.775255128608411
0.5,1,5,2,naive_weights_discounted,0.68,0.49380671183268227,0.5061932881673177,3.6402121786925545,0.26358421357969697,0.7280424357385109,0.9033610248565673,0.2097185754776001,2.5,2.775255128608411
0.5,1,5,3,naive,0.8733333333333333,0.8432889302571615,0.15671106338500976,3.3834793303834143,0.33648602936626515,1.0,0.958643217086792,0.28139421943161225,2.5,2.775255128608411
0.5,1,5,3,prismflow,0.8866666666666667,0.8001259740193685,0.19987400690714519,3.3907619156197746,0.32324660173441494,0.678152383123955,0.9689755654335022,0.2642491386002964,2.5,2.775255128608411
0.5,1,5,3,naive_weights_discounted,0.87,0.7608264668782552,0.2391735076904297,3.3834793303834143,0.33648602936626515,0.6766958660766829,0.958643217086792,0.28139421943161225,2.5,2.775255128608411
0.5,1,5,4,naive,0.7533333333333333,0.7689402262369792,0.23105979601542154,3.4168572927001013,0.3309016502545616,1.0,0.920472932656606,0.2757019762612052,2.5,2.775255128608411
0.5,1,5,4,prismflow,0.7966666666666666,0.7276654434204102,0.2723345788319906,3.428826127335398,0.31077049223663156,0.6857652254670794,0.939649855295817,0.2670035663992167,2.5,2.775255128608411
0.5,1,5,4,naive_weights_discounted,0.7466666666666667,0.6193602053324382,0.38063981374104816,3.4168572927001013,0.3309016502545616,0.6833714585400203,0.920472932656606,0.2757019762612052,2.5,2.775255128608411
0.5,2,6,0,naive,0.7866666666666666,0.8099071375528971,0.1900928751627604,3.43317758679609,0.38243455595657094,1.0,0.9226735724343195,0.2731605348487695,2.5,2.9188611699158105
0.5,2,6,0,prismflow,0.7866666666666666,0.7614695739746093,0.23853044509887694,3.4016406179176815,0.39107975445250415,0.5669401029862802,0.9417800643708971,0.27410705937279595,2.5,2.9188611699158105
0.5,2,6,0,naive_weights_discounted,0.81,0.6583036168416341,0.34169638315836587,3.43317758679609,0.38243455595657094,0.5721962644660149,0.9226735724343195,0.2731605348487695,2.5,2.9188611699158105
0.5,2,6,1,naive,0.87,0.8384349314371745,0.1615650749206543,3.499910271872026,0.36539363605887937,1.0,0.9369094938702055,0.24121081477858952,2.5,2.9188611699158105
0.5,2,6,1,prismflow,0.88,0.754712282816569,0.24528771082560222,3.4847925044124355,0.36423459880311826,0.580798750735406,0.9550529032283359,0.23303455429772535,2.5,2.9188611699158105
0.5,2,6,1,naive_weights_discounted,0.8566666666666667,0.7250681686401367,0.27493184089660644,3.499910271872026,0.36539363605887937,0.5833183786453376,0.9369094938702055,0.24121081477858952,2.5,2.9188611699158105
0.5,2,6,2,naive,0.7033333333333334,0.6220455996195475,0.3779543940226237,3.716881243362195,0.33913991456245046,1.0,0.8708122905095418,0.22115338078803484,2.5,2.9188611699158105
0.5,2,6,2,prismflow,0.6866666666666666,0.529310359954834,0.47068963368733724,3.6053609011705983,0.3330846457522072,0.6008934835284331,0.9371187165048388,0.21361411770184835,2.5,2.9188611699158105
0.5,2,6,2,naive_weights_discounted,0.69,0.4750675201416016,0.5249324798583984,3.716881243362195,0.33913991456245046,0.6194802072270326,0.8708122905095418,0.22115338078803484,2.5,2.9188611699158105
0.5,2,6,3,naive,0.89,0.8506400680541992,0.14935993989308674,3.480623974848843,0.3766785217087466,1.0,0.9445072370105319,0.261222580290503,2.5,2.9188611699158105
0.5,2,6,3,prismflow,0.86,0.7729783248901367,0.22702168623606364,3.451712504813713,0.39280366120705473,0.5752854174689521,0.9593403461244372,0.2634649176357521,2.5,2.9188611699158105
0.5,2,6,3,naive_weights_discounted,0.8666666666666667,0.75269957224528,0.24730046590169272,3.480623974848843,0.3766785217087466,0.5801039958081404,0.9445072370105319,0.261222580290503,2.5,2.9188611699158105
0.5,2,6,4,naive,0.7666666666666667,0.7829121653238932,0.21708779652913412,3.586760407816847,0.3738609788466349,1.0,0.8929042463832432,0.2560723555046651,2.5,2.9188611699158105
0.5,2,6,4,prismflow,0.7733333333333333,0.6889384587605795,0.31106152216593425,3.454252279504279,0.3916134053305302,0.5757087132507133,0.9541770328415765,0.25369104855364033,2.5,2.9188611699158105
0.5,2,6,4,naive_weights_discounted,0.7666666666666667,0.6605587005615234,0.3394412803649902,3.586760407816847,0.3738609788466349,0.5977934013028079,0.8929042463832432,0.2560723555046651,2.5,2.9188611699158105
0.5,3,7,0,naive,0.7866666666666666,0.8130631510416667,0.1869368584950765,3.5522071242335125,0.43392590403233916,1.0,0.9150136061509452,0.2545756789296865,2.5,2.999999999999999
0.5,3,7,0,prismflow,0.81,0.7579897308349609,0.24201027552286783,3.478602793046949,0.4316976486278662,0.4969432561495641,0.9433966975741916,0.2544963803390662,2.5,2.999999999999999
0.5,3,7,0,naive_weights_discounted,0.7966666666666666,0.6866444524129232,0.31335556030273437,3.5522071242335125,0.43392590403233916,0.5074581606047875,0.9150136061509452,0.2545756789296865,2.5,2.999999999999999
0.5,3,7,1,naive,0.86,0.8403831227620443,0.15961687564849852,3.60098583736456,0.41658521154252315,1.0,0.9333732705646091,0.23081811474429237,2.5,2.999999999999999
0.5,3,7,1,prismflow,0.8866666666666667,0.791871592203776,0.20812840143839517,3.536418024253636,0.41322819398485416,0.5052025748933765,0.9543243630727134,0.21945604122347304,2.5,2.999999999999999
0.5,3,7,1,naive_weights_discounted,0.8533333333333334,0.7285755920410156,0.2714244270324707,3.60098583736456,0.41658521154252315,0.514426548194937,0.9333732705646091,0.23081811474429237,2.5,2.999999999999999
0.5,3,7,2,naive,0.7,0.6076130167643229,0.39238699595133464,3.823440372330035,0.3774096654367064,1.0,0.8971389688385858,0.20105357040961583,2.5,2.999999999999999
0.5,3,7,2,prismflow,0.7166666666666667,0.5522718302408854,0.4477281761169434,3.7872541082151487,0.37803159379735946,0.5410363011735927,0.9186002455817328,0.1909110724263721,2.5,2.999999999999999
0.5,3,7,2,naive_weights_discounted,0.6566666666666666,0.4120159753163656,0.5879840342203776,3.823440372330035,0.3774096654367064,0.5462057674757193,0.8971389688385858,0.20105357040961583,2.5,2.999999999999999
0.5,3,7,3,naive,0.9,0.8598559951782226,0.14014402707417806,3.6524348302113245,0.41620502174151647,1.0,0.9300877653227912,0.2167886017635465,2.5,2.999999999999999
0.5,3,7,3,prismflow,0.8766666666666667,0.7979273986816406,0.20207259972890218,3.5529599143226784,0.434678440260272,0.507565702046097,0.954003144370185,0.2380839635928472,2.5,2.999999999999999
0.5,3,7,3,naive_weights_discounted,0.8833333333333333,0.7874176534016927,0.21258237838745117,3.6524348302113245,0.41620502174151647,0.5217764043159034,0.9300877653227912,0.2167886017635465,2.5,2.999999999999999
0.5,3,7,4,naive,0.74,0.7829270553588867,0.21707290649414063,3.6340318214224103,0.4336659102602617,1.0,0.9087701076931424,0.263717548660934,2.5,2.999999999999999
0.5,3,7,4,prismflow,0.7433333333333333,0.7123540369669596,0.28764596303304035,3.550276919136873,0.4401769393471908,0.5071824170195534,0.9381894236140781,0.2630837358906865,2.5,2.999999999999999
0.5,3,7,4,naive_weights_discounted,0.7533333333333333,0.6356823794047037,0.36431761105855304,3.6340318214224103,0.4336659102602617,0.5191474030603443,0.9087701076931424,0.263717548660934,2.5,2.999999999999999
0.5,4,8,0,naive,0.8066666666666666,0.8247881825764974,0.17521183013916017,3.629557495043851,0.47884536414687756,1.0,0.9107412158648174,0.26583637282511013,2.5,3.0
0.5,4,8,0,prismflow,0.8066666666666666,0.7458666737874349,0.25413331349690754,3.542557520954753,0.4746686409910883,0.44281969011934413,0.9379422373771668,0.2508187824156549,2.5,3.0
0.5,4,8,0,naive_weights_discounted,0.8133333333333334,0.661146297454834,0.3388536834716797,3.629557495043851,0.47884536414687756,0.45369468688048137,0.9107412158648174,0.26583637282511013,2.5,3.0
0.5,4,8,1,naive,0.8566666666666667,0.8463624954223633,0.15363752047220866,3.727553904680849,0.45571506549552604,1.0,0.9161090457439421,0.21634895149204467,2.5,3.0
0.5,4,8,1,prismflow,0.83,0.7586072413126628,0.24139275550842285,3.5879173171333143,0.4531112553246843,0.4484896646416643,0.9463216489950816,0.22253479190998607,2.5,3.0
0.5,4,8,1,naive_weights_discounted,0.8233333333333334,0.7050883356730143,0.2949116675059001,3.727553904680849,0.45571506549552604,0.4659442380851061,0.9161090457439421,0.21634895149204467,2.5,3.0
0.5,4,8,2,naive,0.6966666666666667,0.6174630991617839,0.3825368881225586,3.7906156242663616,0.44827918342706513,1.0,0.8994344391028086,0.2472616544365883,2.5,3.0
0.5,4,8,2,prismflow,0.69,0.5261156145731608,0.47388434727986656,3.8263329791582525,0.4215433959896618,0.47829162239478157,0.9156203418572744,0.1797617021906707,2.5,3.0
0.5,4,8,2,naive_weights_discounted,0.6733333333333333,0.39211936632792155,0.6078806686401367,3.7906156242663616,0.44827918342706513,0.4738269530332952,0.8994344391028086,0.2472616544365883,2.5,3.0
0.5,4,8,3,naive,0.89,0.8692936070760091,0.13070639610290527,3.658136433718259,0.46497218470433194,1.0,0.9288701025644939,0.23246298580533928,2.5,3.0
0.5,4,8,3,prismflow,0.8733333333333333,0.7954243342081706,0.2045756435394287,3.600997443213221,0.48163558972787174,0.4501246804016526,0.9470386073589324,0.24986273608273932,2.5,3.0
0.5,4,8,3,naive_weights_discounted,0.88,0.7775188318888346,0.22248115221659343,3.658136433718259,0.46497218470433194,0.45726705421478236,0.9288701025644939,0.23246298580533928,2.5,3.0
0.5,4,8,4,naive,0.76,0.7875648625691731,0.21243514060974122,3.865761425247527,0.4752547842199571,1.0,0.89435808634758,0.22613898560404777,2.5,3.0
0.5,4,8,4,prismflow,0.75,0.7052023442586263,0.29479764302571615,3.704150688194588,0.4912433962405165,0.4630188360243235,0.9305960158507031,0.24191781859430997,2.5,3.0
0.5,4,8,4,naive_weights_discounted,0.73,0.653744322458903,0.34625569661458333,3.865761425247527,0.4752547842199571,0.48322017815594087,0.89435808634758,0.22613898560404777,2.5,3.0
