condition,auc_mean,auc_std,detect_at_5pct_mean,detect_at_5pct_std,detect_at_1pct_mean,detect_at_1pct_std,mean_score_mean,mean_score_std,accuracy_mean,accuracy_std,prob_ece_mean,prob_ece_std,brier_reliability_mean,brier_reliability_std,vacuity_mean_confidence_mean,vacuity_mean_confidence_std,eniv_mean,eniv_std
clean,0.5,0.0,0.05,0.0,0.004,0.005477225575051661,0.35899887812817083,0.03941144927473912,0.83,0.07965202096899011,0.06370506604512531,0.013687539213905394,0.02822629532636657,0.008063137721152445,0.7498731916348139,0.08161634216798108,3.328088905783493,0.07501968793402052
clone_k2,0.8743088888888889,0.05831081226634124,0.6453333333333333,0.18218732728217465,0.6453333333333333,0.18218732728217465,0.5242559800857785,0.020273199387065132,0.7806666666666666,0.06326311897323923,0.08006651031970977,0.017110739791775974,0.03394024284838168,0.006618314798881489,0.7135773520072302,0.07642892844781406,3.8059080254897264,0.11237113992736304
missing_30,0.2567837763600117,0.06176251250214906,0.04607925407925408,0.07776711203161463,0.04607925407925408,0.07776711203161463,0.15657935738236764,0.015289515076824519,0.8026666666666666,0.0657182538484468,0.10616649876038232,0.022670058325322134,0.03996747239920606,0.009057866936665554,0.5993076839049657,0.06822110737452847,3.1303744273557195,0.09607388237893959
missing_50,0.1247483747760133,0.031852118806991125,0.0,0.0,0.0,0.0,0.024378541238304893,0.01972331760958662,0.736,0.05731976583653807,0.1103648268977801,0.02854316284541723,0.038783888922989486,0.01265337125709327,0.47795597656567895,0.061386858044612753,2.965530201169957,0.09194157676569659
noisy_1,0.7485711111111111,0.054427259532764595,0.376,0.2787113201863175,0.376,0.2787113201863175,0.41666364522731925,0.033247757057101396,0.78,0.0844261676127596,0.06633121037483215,0.022700879522378235,0.03389518894257323,0.00939303997807735,0.7651531774202982,0.0818471481031229,3.343806479633345,0.09865093637689012
chorus_k1,0.7215066666666666,0.05124209219329046,0.37,0.24587711474546703,0.37,0.24587711474546703,0.42233987592114136,0.038105753952671885,0.6806666666666666,0.1023990017312452,0.11395831817388535,0.046884646797115175,0.060598441227724224,0.028601221705298246,0.8114474030733109,0.051642399823040176,3.212746293684585,0.08715116390153209
chorus_k2,0.6328111111111111,0.09196478928990054,0.428,0.19704201469624583,0.426,0.19996388562826928,0.3844628423163677,0.017696025050460733,0.5073333333333333,0.10180045841416106,0.2624322051803271,0.06999256890352305,0.15874039019682187,0.0652890381358517,0.8051114633083344,0.0432980265180324,2.904847927600456,0.06083054981692589
chorus_k3,0.48704888888888886,0.10962094639661202,0.36133333333333334,0.1267675037223657,0.36133333333333334,0.1267675037223657,0.3672164799546301,0.023998458057454576,0.42133333333333334,0.09251426316460015,0.356455761273702,0.08346488172645807,0.27189119880116275,0.10348553380056094,0.7676454229752223,0.02157981338045,2.888675770093515,0.06059145951507713
pgd_k2,0.8396288888888889,0.09701986133687866,0.5806666666666667,0.289687571167437,0.5806666666666667,0.289687571167437,0.471936126593923,0.03385440300744612,0.588,0.10232301793829185,0.2081406856576602,0.07741749771939622,0.11459214039722525,0.05708449505085256,0.8624932502110799,0.0308789180657137,3.343510411439254,0.11859974251586128
